,run,epoch,loss,accuracy,epoch_duration,run_duration,lr,batch_size,num_workers,device,trainset,network
0,1,1,0.5733780344327291,0.79215,4.16875696182251,5.184289455413818,0.01,1000,0,cuda,not_normal,network
1,2,1,0.5830728550752003,0.7874166666666667,6.620680093765259,7.140780448913574,0.01,1000,0,cuda,normal,network
2,3,1,1.0018206809957821,0.7073166666666667,4.187799692153931,4.663113355636597,0.001,1000,0,cuda,not_normal,network
3,4,1,1.012650969127814,0.70445,9.932249307632446,10.482758283615112,0.001,1000,0,cuda,normal,network
